{
  "metadata": {
    "experiment": "JADE Smoke Test \u2014 B200 Optimizado",
    "type": "smoke_test",
    "qubits": 25,
    "dimensions": 33554432,
    "gpu": "1\u00d7 NVIDIA B200 (178 GB)",
    "optimizations": [
      "Pre-computed ZZ diagonals (1 multiply vs 47 exp+multiply/step)",
      "CUDA RawKernel for RX (0% CPU in gates)",
      "Batched seed processing (batch_size=106)",
      "Pre-computed Trotter phases per (universe, time)"
    ],
    "batch_size": 106,
    "trotter_steps": 80,
    "n_times": 20,
    "k": 0.1,
    "temperature": 1.0,
    "hamiltoniano": "H = -J1\u00b7ZZ_nn - h\u00b7X - \u03bb\u00b7J2\u00b7ZZ_nnn",
    "timestamp": "2026-02-16T01:08:30.779474",
    "elapsed_seconds": 1798.59623837471,
    "elapsed_minutes": 29.976603972911835
  },
  "benchmarks": {
    "phase1": {
      "seeds": 10,
      "elapsed": 139.25978088378906,
      "seeds_per_second": 0.07180824166558832,
      "C_plus_gamma": 1.000000018838561,
      "trotter_F": 0.999999999999732
    },
    "phase2": {
      "universes": 6,
      "seeds_per_universe": 20,
      "elapsed": 1655.5872049331665,
      "C_plus_gamma_mean": 1.0000000188385805,
      "C_plus_gamma_std": 9.696650743085797e-14,
      "trotter_F_mean": 0.9999999999997841
    },
    "phase3": {
      "rate_seeds_per_second": 0.07248183583591068,
      "time_per_seed_seconds": 13.796560041109721,
      "estimate_48k_hours": 183.95413388146295,
      "estimate_340k_1gpu_hours": 1303.1310844162836,
      "gpus_for_340k_in_4h": 326,
      "gpus_for_340k_in_2h": 652,
      "gpus_for_340k_in_1h": 1304,
      "speedup_vs_v11": 0.05218692180185569
    }
  },
  "estadisticas": {
    "C_plus_gamma_promedio": 1.0000000188385805,
    "C_plus_gamma_std": 9.696650743085797e-14,
    "trotter_fidelity_promedio": 0.9999999999997841,
    "trotter_fidelity_min": 0.9999999999996184
  },
  "universos": {
    "baseline": {
      "J1": 1.0,
      "h": 0.5,
      "lambda": 0.25,
      "C_asintotico": 0.3678794600100032,
      "C_plus_gamma": 1.000000018838561,
      "t_page": 6.933544118650129,
      "trotter_fidelity": 0.999999999999732,
      "C_means": [
        0.9990004998631843,
        0.9985625842277457,
        0.9979330011709809,
        0.9970280735901198,
        0.9957278195667104,
        0.9938604426546119,
        0.9911804547475865,
        0.9873380955967838,
        0.9818371626201798,
        0.9739780532503184,
        0.9627833170523463,
        0.9469055316654638,
        0.9245242532377237,
        0.8932544631095135,
        0.8501200801892977,
        0.7917004811453342,
        0.7146361001203848,
        0.6167490861218036,
        0.49897825254576256,
        0.3678794600100032
      ],
      "C_stds": [
        6.887142158888703e-15,
        6.785542894010363e-15,
        6.715885813205235e-15,
        6.854761867664764e-15,
        6.79153470485909e-15,
        6.693733399336208e-15,
        6.6703988070274994e-15,
        6.8135500491488684e-15,
        6.605500452264976e-15,
        6.615755564783033e-15,
        6.5223122364087625e-15,
        6.4213710401233765e-15,
        6.338974866624357e-15,
        6.125675031379611e-15,
        5.793619897538503e-15,
        5.461913654037634e-15,
        4.881194989754391e-15,
        4.179071773072886e-15,
        3.3858161979905277e-15,
        2.516927263047951e-15
      ],
      "times": [
        0.01,
        0.01438449888287663,
        0.0206913808111479,
        0.029763514416313176,
        0.04281332398719394,
        0.06158482110660264,
        0.08858667904100823,
        0.12742749857031335,
        0.18329807108324356,
        0.26366508987303583,
        0.37926901907322497,
        0.5455594781168517,
        0.7847599703514611,
        1.1288378916846884,
        1.623776739188721,
        2.3357214690901213,
        3.359818286283781,
        4.832930238571752,
        6.951927961775605,
        10.0
      ],
      "seeds_per_second": 0.07180848815856423
    },
    "chaotic_mid": {
      "J1": 2.0,
      "h": 1.0,
      "lambda": 0.5,
      "C_asintotico": 0.36787946000996696,
      "C_plus_gamma": 1.0000000188385245,
      "t_page": 6.933544118644572,
      "trotter_fidelity": 0.9999999999996323,
      "C_means": [
        0.9990004998632361,
        0.9985625842276236,
        0.997933001170679,
        0.9970280735900217,
        0.995727819567197,
        0.993860442654394,
        0.9911804547480892,
        0.9873380955970077,
        0.9818371626199063,
        0.9739780532501108,
        0.9627833170519435,
        0.9469055316660281,
        0.9245242532375022,
        0.8932544631097301,
        0.8501200801891615,
        0.7917004811457142,
        0.7146361001202828,
        0.6167490861220776,
        0.4989782525454486,
        0.36787946000996696
      ],
      "C_stds": [
        7.338733754104706e-15,
        7.395618826402094e-15,
        7.283435362916611e-15,
        7.357143994256418e-15,
        7.424146952130257e-15,
        7.2648383359299e-15,
        7.31197974910722e-15,
        7.262080742070654e-15,
        7.214314299856963e-15,
        7.14400695530671e-15,
        7.038236076062405e-15,
        6.9455520476785345e-15,
        6.738285521830391e-15,
        6.56779265610726e-15,
        6.252931409361596e-15,
        5.8627239792689e-15,
        5.2886718059208875e-15,
        4.5137768852790275e-15,
        3.6403212442502506e-15,
        2.6832335771791637e-15
      ],
      "times": [
        0.01,
        0.01438449888287663,
        0.0206913808111479,
        0.029763514416313176,
        0.04281332398719394,
        0.06158482110660264,
        0.08858667904100823,
        0.12742749857031335,
        0.18329807108324356,
        0.26366508987303583,
        0.37926901907322497,
        0.5455594781168517,
        0.7847599703514611,
        1.1288378916846884,
        1.623776739188721,
        2.3357214690901213,
        3.359818286283781,
        4.832930238571752,
        6.951927961775605,
        10.0
      ],
      "seeds_per_second": 0.07241747028340943
    },
    "extreme": {
      "J1": 5.0,
      "h": 2.0,
      "lambda": 0.5,
      "C_asintotico": 0.3678794600099618,
      "C_plus_gamma": 1.0000000188385194,
      "t_page": 6.93354411864828,
      "trotter_fidelity": 0.9999999999996184,
      "C_means": [
        0.9990004998633687,
        0.9985625842276319,
        0.997933001171319,
        0.9970280735897104,
        0.9957278195671325,
        0.9938604426546807,
        0.9911804547482793,
        0.9873380955966977,
        0.9818371626199929,
        0.9739780532503332,
        0.9627833170520589,
        0.9469055316658068,
        0.9245242532378913,
        0.8932544631091099,
        0.8501200801889762,
        0.7917004811457377,
        0.7146361001204975,
        0.6167490861217996,
        0.4989782525456589,
        0.3678794600099618
      ],
      "C_stds": [
        5.948972378527038e-15,
        5.8762165494237005e-15,
        5.991708167004004e-15,
        5.850569862466858e-15,
        5.918176061442471e-15,
        5.933308561894624e-15,
        5.7897891232095294e-15,
        5.87569212603068e-15,
        5.871967373169103e-15,
        5.807485272138817e-15,
        5.6867916551046826e-15,
        5.562150872554101e-15,
        5.5261344080456655e-15,
        5.2542998099087e-15,
        5.051819759162448e-15,
        4.735527438802764e-15,
        4.223665447744948e-15,
        3.6709621262648316e-15,
        2.9757290973987967e-15,
        2.177247557793318e-15
      ],