{
  "metadata": {
    "version": "JADE v10.2 - 20 QUBITS - 1x H200",
    "status": "COMPLETO",
    "optimizations": [
      "TROTTER_STEPS 60\u219230 (F=1.0 justifica)",
      "RX in-place con buffer pre-allocado",
      "N_TIMES 20\u219212",
      "TRIALS 50\u219230"
    ],
    "qubits": 20,
    "dimensions": 1048576,
    "trials": 50,
    "universos_count": 5,
    "k": 0.1,
    "temperature": 1.0,
    "trotter_steps": 30,
    "n_times": 20,
    "times": [
      0.01,
      0.01438449888287663,
      0.0206913808111479,
      0.029763514416313176,
      0.04281332398719393,
      0.06158482110660264,
      0.08858667904100824,
      0.12742749857031335,
      0.18329807108324359,
      0.2636650898730358,
      0.379269019073225,
      0.5455594781168517,
      0.7847599703514611,
      1.1288378916846884,
      1.623776739188721,
      2.335721469090121,
      3.359818286283781,
      4.832930238571752,
      6.9519279617756045,
      10.0
    ],
    "timestamp": "2026-02-09T21:53:43.609832",
    "elapsed_seconds": 2752.403951883316,
    "elapsed_hours": 0.7645566533009212,
    "gpu": "NVIDIA H200",
    "trotter_pre_validation": 1.000000000000013
  },
  "universos": {
    "baseline": {
      "J": 1.0,
      "h": 0.5,
      "t_page": 2.8898758784618774,
      "C_asintotico": 0.36788004400858915,
      "gamma_final": 0.6321205588285577,
      "C_plus_gamma": 1.0000006028371469,
      "C_means": [
        0.9990005007866591,
        0.9985625855558483,
        0.9979330030808015,
        0.9970280763354793,
        0.9957278235139135,
        0.9938604483268076,
        0.9911804628961669,
        0.9873381072948539,
        0.9818371794002513,
        0.9739780772910749,
        0.9627833514355845,
        0.9469055807184336,
        0.9245243229676224,
        0.8932545617287915,
        0.850120218659105,
        0.7917006735876035,
        0.7146363637604713,
        0.6167494401968079,
        0.49897871542557015,
        0.36788004400858915
      ],
      "C_stds": [
        4.2188474935755947e-16,
        4.213000162292041e-16,
        3.9533917949896257e-16,
        4.3962588843145704e-16,
        3.668778978806643e-16,
        3.607797795906347e-16,
        4.446439748506844e-16,
        3.8007914079648965e-16,
        3.8362985106779035e-16,
        3.436315130343406e-16,
        4.468561475845091e-16,
        3.5422900465195843e-16,
        3.400256261246416e-16,
        3.1558467846863657e-16,
        4.002966042486721e-16,
        3.8040330216952553e-16,
        3.072731514363724e-16,
        2.462593796972316e-16,
        1.66162967242209e-16,
        1.3574718305694993e-16
      ],
      "F_means": [
        1.0000000000000866,
        1.0000000000001494,
        1.0000000000001545,
        1.0000000000000588,
        1.000000000000156,
        1.0000000000002067,
        1.0000000000000933,
        1.0000000000001301,
        1.0000000000002174,
        1.0000000000001987,
        0.9999999999999009,
        1.0000000000000702,
        1.0000000000000104,
        1.0000000000002094,
        0.999999999999906,
        1.0000000000001248,
        1.0000000000002434,
        1.0000000000000284,
        0.999999999999886,
        1.0000000000000135
      ],
      "trotter_fidelity": 1.0000000000000135,
      "elapsed_seconds": 564.5814485549927
    },
    "campo_fuerte": {
      "J": 1.0,
      "h": 1.5,
      "t_page": 2.8898758784607774,
      "C_asintotico": 0.3678800440086337,
      "gamma_final": 0.6321205588285577,
      "C_plus_gamma": 1.0000006028371913,
      "C_means": [
        0.9990005007866662,
        0.9985625855558637,
        0.9979330030806619,
        0.997028076335437,
        0.995727823513809,
        0.9938604483265897,
        0.9911804628961803,
        0.9873381072948101,
        0.9818371794000647,
        0.9739780772908426,
        0.962783351435571,
        0.9469055807182908,
        0.9245243229675663,
        0.8932545617288307,
        0.8501202186590507,
        0.7917006735875782,
        0.7146363637603398,
        0.6167494401967398,
        0.49897871542554,
        0.3678800440086337
      ],
      "C_stds": [
        3.8523299157094895e-16,
        3.58724037616909e-16,
        4.148135544450461e-16,
        3.58724037616909e-16,
        3.447059237218225e-16,
        3.748544367384395e-16,
        4.1983462042847282e-16,
        4.662936703425658e-16,
        3.072731514363724e-16,
        3.745254727112846e-16,
        4.002966042486721e-16,
        3.5178481278552405e-16,
        3.2671507653874524e-16,
        3.4506331720685187e-16,
        3.4506331720685187e-16,
        2.603703785810335e-16,
        2.7866376757248753e-16,
        2.135556627277529e-16,
        1.8577584504832502e-16,
        1.897149936107019e-16
      ],
      "F_means": [
        1.0000000000000937,
        1.0000000000001645,
        1.0000000000000149,
        1.0000000000000164,
        1.0000000000000508,
        0.9999999999999871,
        1.0000000000001068,
        1.0000000000000855,
        1.0000000000000273,
        0.9999999999999599,
        0.9999999999998868,
        0.9999999999999193,
        0.9999999999999497,
        1.0000000000002534,
        0.9999999999998422,
        1.000000000000093,
        1.0000000000000588,
        0.999999999999918,
        0.9999999999998255,
        1.000000000000135
      ],
      "trotter_fidelity": 1.000000000000135,
      "elapsed_seconds": 559.7066867351532
    },
    "campo_debil": {
      "J": 1.0,
      "h": 0.1,
      "t_page": 2.88987587846038,
      "C_asintotico": 0.3678800440086353,
      "gamma_final": 0.6321205588285577,
      "C_plus_gamma": 1.000000602837193,
      "C_means": [
        0.9990005007864533,
        0.9985625855557976,
        0.9979330030805584,
        0.997028076335507,
        0.9957278235138597,
        0.9938604483266207,
        0.9911804628960101,
        0.9873381072947578,
        0.9818371794001398,
        0.9739780772910283,
        0.9627833514356178,
        0.9469055807184332,
        0.9245243229676267,
        0.893254561728646,
        0.8501202186591789,
        0.7917006735874963,
        0.714636363760354,
        0.6167494401967754,
        0.4989787154255552,
        0.3678800440086353
      ],
      "C_stds": [
        3.4183332427641163e-16,
        3.4684476073050937e-16,
        3.531835650735641e-16,
        3.6888820278049625e-16,
        3.233018248352212e-16,
        3.4684476073050937e-16,
        4.124295487574583e-16,
        3.607797795906347e-16,
        3.263375893225244e-16,
        4.265337574760008e-16,
        3.8266474299528866e-16,
        3.6955587428207345e-16,
        3.5734697288860765e-16,
        2.7420485960113414e-16,
        3.2138991082076027e-16,
        3.060673659425244e-16,
        3.861916815434371e-16,
        2.687565378447544e-16,
        1.9984014443252818e-16,
        1.4707836392670892e-16
      ],
      "F_means": [
        0.9999999999998803,
        1.0000000000000984,
        0.9999999999999108,
        1.0000000000000866,
        1.0000000000001017,
        1.0000000000000184,
        0.9999999999999352,
        1.0000000000000329,
        1.000000000000104,
        1.0000000000001503,
        0.9999999999999352,
        1.0000000000000697,
        1.0000000000000149,
        1.0000000000000466,
        0.9999999999999932,
        0.9999999999999895,
        1.0000000000000784,
        0.9999999999999758,
        0.9999999999998562,
        1.000000000000139
      ],
      "trotter_fidelity": 1.000000000000139,
      "elapsed_seconds": 551.6134326457977
    },
    "acople_fuerte": {
      "J": 2.0,
      "h": 0.5,
      "t_page": 2.8898758784605176,
      "C_asintotico": 0.36788004400858426,
      "gamma_final": 0.6321205588285577,
      "C_plus_gamma": 1.000000602837142,