{
  "metadata": {
    "experiment": "JADE Edge Test v2.0 (GPU)",
    "description": "Phase transition sweep: integrable \u2192 chaotic",
    "hamiltonian": "H = -J1\u00b7ZZ_nn - h\u00b7X - \u03bb\u00b7J2\u00b7ZZ_nnn",
    "J1": 1.0,
    "J2": 1.0,
    "h": 0.5,
    "lambdas": [
      0.0,
      0.1,
      0.2,
      0.30000000000000004,
      0.4,
      0.5,
      0.6000000000000001,
      0.7000000000000001,
      0.8,
      0.9,
      1.0
    ],
    "diamond_config": {
      "n_S": 2,
      "n_E": 8,
      "n_total": 10,
      "dimensions": 1024,
      "samples": 500,
      "t_evolve": 10.0
    },
    "level_spacing_config": {
      "n_qubits": 15,
      "dimensions": 32768,
      "matrix_size_gb": 16.0
    },
    "timestamp": "2026-02-09T22:33:01.617421",
    "elapsed_seconds": 485.182742357254,
    "elapsed_minutes": 8.086379039287568,
    "gpu": "NVIDIA H200",
    "version": "2.0-GPU"
  },
  "results": {
    "0.00": {
      "lambda": 0.0,
      "diamond": {
        "D_mean": 0.45607592899050536,
        "D_std": 0.053706358958522576,
        "C_mean": 0.27291936272708334,
        "C_std": 0.13941168930328632,
        "gamma_eff": 0.9694408496972221,
        "C_plus_gamma": 1.0
      },
      "level_spacing": {
        "r_mean": 0.1835582485235484,
        "r_std": 0.22429560504540275,
        "n_ratios": 32766,
        "n_eigenvalues": 32768,
        "poisson_ref": 0.386,
        "goe_ref": 0.53
      },
      "elapsed_seconds": 47.32613015174866
    },
    "0.10": {
      "lambda": 0.1,
      "diamond": {
        "D_mean": 0.448714077019825,
        "D_std": 0.050914091457606676,
        "C_mean": 0.32593643813542067,
        "C_std": 0.14835074896712944,
        "gamma_eff": 0.898751415819439,
        "C_plus_gamma": 1.0
      },
      "level_spacing": {
        "r_mean": 0.18522387336934487,
        "r_std": 0.23094086472655825,
        "n_ratios": 32766,
        "n_eigenvalues": 32768,
        "poisson_ref": 0.386,
        "goe_ref": 0.53
      },
      "elapsed_seconds": 43.7689573764801
    },
    "0.20": {
      "lambda": 0.2,
      "diamond": {
        "D_mean": 0.4532741641060437,
        "D_std": 0.05489164059927526,
        "C_mean": 0.28328872396504357,
        "C_std": 0.15528072122833284,
        "gamma_eff": 0.9556150347132752,
        "C_plus_gamma": 1.0
      },
      "level_spacing": {
        "r_mean": 0.3595162086062954,
        "r_std": 0.2825183614006403,
        "n_ratios": 32766,
        "n_eigenvalues": 32768,
        "poisson_ref": 0.386,
        "goe_ref": 0.53
      },
      "elapsed_seconds": 43.723005294799805
    },
    "0.30": {
      "lambda": 0.30000000000000004,
      "diamond": {
        "D_mean": 0.45637123425321113,
        "D_std": 0.05113603849866613,
        "C_mean": 0.2996982106446482,
        "C_std": 0.14338641547988007,
        "gamma_eff": 0.9337357191404689,
        "C_plus_gamma": 1.0
      },
      "level_spacing": {
        "r_mean": 0.3854542428688512,
        "r_std": 0.2829573087384556,
        "n_ratios": 32766,
        "n_eigenvalues": 32768,
        "poisson_ref": 0.386,
        "goe_ref": 0.53
      },
      "elapsed_seconds": 43.81142210960388
    },
    "0.40": {
      "lambda": 0.4,
      "diamond": {
        "D_mean": 0.40656495399057757,
        "D_std": 0.059406857815383456,
        "C_mean": 0.39649596959620204,
        "C_std": 0.14412021604736275,
        "gamma_eff": 0.8046720405383974,
        "C_plus_gamma": 1.0
      },
      "level_spacing": {
        "r_mean": 0.38277218947080294,
        "r_std": 0.28220111395753833,
        "n_ratios": 32766,
        "n_eigenvalues": 32768,
        "poisson_ref": 0.386,
        "goe_ref": 0.53
      },
      "elapsed_seconds": 43.7745463848114
    },
    "0.50": {
      "lambda": 0.5,
      "diamond": {
        "D_mean": 0.46809358503223153,
        "D_std": 0.06346669353899008,
        "C_mean": 0.2452296749948601,
        "C_std": 0.13400414933726904,
        "gamma_eff": 1.0063604333401865,
        "C_plus_gamma": 1.0
      },
      "level_spacing": {
        "r_mean": 0.3798805773221009,
        "r_std": 0.2799598523736083,
        "n_ratios": 32766,
        "n_eigenvalues": 32768,
        "poisson_ref": 0.386,
        "goe_ref": 0.53
      },
      "elapsed_seconds": 43.78302216529846
    },
    "0.60": {
      "lambda": 0.6000000000000001,
      "diamond": {
        "D_mean": 0.4137614926412716,
        "D_std": 0.05592047254812133,
        "C_mean": 0.5404635290172786,
        "C_std": 0.13905557082668285,
        "gamma_eff": 0.6127152946436286,
        "C_plus_gamma": 1.0
      },
      "level_spacing": {
        "r_mean": 0.38066606536560893,
        "r_std": 0.28288453905046906,
        "n_ratios": 32766,
        "n_eigenvalues": 32768,
        "poisson_ref": 0.386,
        "goe_ref": 0.53
      },
      "elapsed_seconds": 43.746556997299194
    },
    "0.70": {
      "lambda": 0.7000000000000001,
      "diamond": {
        "D_mean": 0.49702731627951036,
        "D_std": 0.0757025032434385,
        "C_mean": 0.36735101815310395,
        "C_std": 0.14056078183656226,
        "gamma_eff": 0.8435319757958614,
        "C_plus_gamma": 1.0
      },
      "level_spacing": {
        "r_mean": 0.3822416097946787,
        "r_std": 0.28396479176825384,
        "n_ratios": 32766,
        "n_eigenvalues": 32768,
        "poisson_ref": 0.386,
        "goe_ref": 0.53
      },
      "elapsed_seconds": 43.81519317626953
    },
    "0.80": {
      "lambda": 0.8,
      "diamond": {
        "D_mean": 0.4885828966773856,
        "D_std": 0.06305540299374496,
        "C_mean": 0.3835962575067309,
        "C_std": 0.13141237869362193,
        "gamma_eff": 0.8218716566576921,
        "C_plus_gamma": 1.0
      },
      "level_spacing": {
        "r_mean": 0.3763056195321872,
        "r_std": 0.2821767039630261,
        "n_ratios": 32766,
        "n_eigenvalues": 32768,
        "poisson_ref": 0.386,
        "goe_ref": 0.53
      },
      "elapsed_seconds": 43.82554340362549
    },
    "0.90": {
      "lambda": 0.9,
      "diamond": {
        "D_mean": 0.4389567290307291,
        "D_std": 0.054457084748780055,
        "C_mean": 0.475083150223899,
        "C_std": 0.14860535972905428,
        "gamma_eff": 0.6998891330348014,
        "C_plus_gamma": 1.0
      },
      "level_spacing": {
        "r_mean": 0.3794123178661315,
        "r_std": 0.2830330301880401,
        "n_ratios": 32766,
        "n_eigenvalues": 32768,
        "poisson_ref": 0.386,
        "goe_ref": 0.53
      },
      "elapsed_seconds": 43.80310416221619
    },
    "1.00": {
      "lambda": 1.0,
      "diamond": {
        "D_mean": 0.483099752189014,
        "D_std": 0.054544495155457715,
        "C_mean": 0.2485859338993781,
        "C_std": 0.14089125521649143,
        "gamma_eff": 1.001885421467496,
        "C_plus_gamma": 1.0
      },
      "level_spacing": {
        "r_mean": 0.37557907494934684,
        "r_std": 0.2828522325927124,
        "n_ratios": 32766,
        "n_eigenvalues": 32768,
        "poisson_ref": 0.386,
        "goe_ref": 0.53
      },
      "elapsed_seconds": 43.80448389053345
    }
  },
  "summary": {
    "D_values": [
      0.45607592899050536,
      0.448714077019825,
      0.4532741641060437,
      0.45637123425321113,
      0.40656495399057757,
      0.46809358503223153,
      0.4137614926412716,
      0.49702731627951036,
      0.4885828966773856,
      0.4389567290307291,
      0.483099752189014
    ],
    "r_values": [
      0.1835582485235484,
      0.18522387336934487,
      0.3595162086062954,
      0.3854542428688512,
      0.38277218947080294,
      0.3798805773221009,
      0.38066606536560893,
      0.3822416097946787,
      0.3763056195321872,
      0.3794123178661315,
      0.37557907494934684
    ],